timestamp,free_lime_pct,LSF,C3S_pct,silica_ratio
2026-06-01 00:00:00,0.89,99.2,58.6,2.65
2026-06-01 02:00:00,0.91,96.6,64.1,2.9
2026-06-01 04:00:00,1.75,99.9,60.9,2.48
2026-06-01 06:00:00,1.17,96.1,56.0,2.1
2026-06-01 08:00:00,0.28,99.6,56.0,2.51
2026-06-01 10:00:00,0.93,99.0,60.3,2.46
2026-06-01 12:00:00,2.52,99.4,60.2,2.56
2026-06-01 14:00:00,1.28,95.2,65.5,2.57
2026-06-01 16:00:00,0.83,100.5,55.2,2.41
2026-06-01 18:00:00,1.35,98.3,54.2,2.31
2026-06-01 20:00:00,1.97,97.9,58.6,2.59
2026-06-01 22:00:00,1.24,96.1,58.2,2.68
2026-06-02 00:00:00,1.61,96.8,62.6,2.59
2026-06-02 02:00:00,1.37,97.6,58.6,2.58
2026-06-02 04:00:00,1.68,97.6,59.8,2.51
2026-06-02 06:00:00,0.34,101.3,51.1,2.64
2026-06-02 08:00:00,1.14,97.9,63.1,2.32
2026-06-02 10:00:00,1.25,97.4,58.0,2.56
2026-06-02 12:00:00,0.92,97.5,51.1,2.38
2026-06-02 14:00:00,0.89,98.8,59.6,2.28
2026-06-02 16:00:00,1.72,98.5,55.1,2.67
2026-06-02 18:00:00,1.36,95.9,54.2,2.39
2026-06-02 20:00:00,1.24,101.7,59.2,2.56
2026-06-02 22:00:00,1.72,97.5,53.9,2.62
2026-06-03 00:00:00,0.94,95.4,60.2,2.51
2026-06-03 02:00:00,1.42,96.7,56.5,2.37
2026-06-03 04:00:00,1.4,97.9,57.6,2.73
2026-06-03 06:00:00,0.68,101.3,59.7,2.25
2026-06-03 08:00:00,2.06,97.5,52.6,2.53
2026-06-03 10:00:00,1.67,96.3,58.3,2.8
2026-06-03 12:00:00,0.65,97.3,63.7,2.74
2026-06-03 14:00:00,1.78,97.7,59.7,2.4
2026-06-03 16:00:00,1.03,97.7,60.6,2.69
2026-06-03 18:00:00,1.21,94.5,60.0,2.36
2026-06-03 20:00:00,1.59,96.0,51.8,2.39
2026-06-03 22:00:00,1.34,99.6,59.6,2.59
2026-06-04 00:00:00,0.6,98.8,57.9,2.34
2026-06-04 02:00:00,2.13,98.7,56.0,2.39
2026-06-04 04:00:00,1.27,96.8,65.4,2.46
2026-06-04 06:00:00,0.75,95.0,47.2,2.53
2026-06-04 08:00:00,1.77,98.2,68.0,2.48
2026-06-04 10:00:00,0.89,98.8,61.6,2.45
2026-06-04 12:00:00,1.42,101.7,61.5,2.36
2026-06-04 14:00:00,0.7,96.3,52.1,2.21
2026-06-04 16:00:00,0.4,99.3,56.6,2.33
2026-06-04 18:00:00,1.71,99.1,49.1,2.68
2026-06-04 20:00:00,1.62,94.3,55.1,2.53
2026-06-04 22:00:00,2.12,98.6,56.5,2.54
2026-06-05 00:00:00,0.85,96.3,59.3,2.65
2026-06-05 02:00:00,0.2,99.1,56.4,2.46
2026-06-05 04:00:00,0.92,99.5,57.1,2.61
2026-06-05 06:00:00,0.68,96.7,58.2,2.62
2026-06-05 08:00:00,1.45,98.8,53.8,2.38
2026-06-05 10:00:00,1.81,101.7,56.4,2.62
2026-06-05 12:00:00,0.68,98.7,54.4,2.55
2026-06-05 14:00:00,1.94,97.4,55.6,2.37
2026-06-05 16:00:00,0.49,98.4,56.7,2.77
2026-06-05 18:00:00,2.28,96.9,59.1,2.63
2026-06-05 20:00:00,1.07,96.3,57.0,2.35
2026-06-05 22:00:00,1.43,100.0,56.3,2.49
2026-06-06 00:00:00,1.01,97.7,53.2,2.4
2026-06-06 02:00:00,1.98,99.2,52.3,2.72
2026-06-06 04:00:00,0.83,97.0,57.7,2.39
2026-06-06 06:00:00,1.97,99.8,56.5,2.59
2026-06-06 08:00:00,1.31,99.1,59.5,2.36
2026-06-06 10:00:00,0.62,101.5,51.4,2.75
2026-06-06 12:00:00,1.13,98.4,60.7,2.59
2026-06-06 14:00:00,0.52,98.0,55.0,2.59
2026-06-06 16:00:00,1.27,97.3,56.3,2.54
2026-06-06 18:00:00,2.01,98.6,58.9,2.51
2026-06-06 20:00:00,0.53,97.9,55.2,2.16
2026-06-06 22:00:00,0.68,98.9,52.1,2.59
2026-06-07 00:00:00,1.21,96.3,56.7,2.52
2026-06-07 02:00:00,1.12,98.6,52.8,2.31
2026-06-07 04:00:00,1.4,98.0,51.9,2.53
2026-06-07 06:00:00,1.7,98.6,60.6,2.32
2026-06-07 08:00:00,2.25,94.3,58.1,2.76
2026-06-07 10:00:00,1.17,97.3,59.1,2.51
2026-06-07 12:00:00,1.08,100.7,60.3,2.5
2026-06-07 14:00:00,1.14,96.8,59.3,2.59
2026-06-07 16:00:00,1.14,97.5,55.3,2.43
2026-06-07 18:00:00,0.2,97.0,57.2,2.48
2026-06-07 20:00:00,0.86,95.5,54.9,2.44
2026-06-07 22:00:00,1.0,96.4,59.3,2.38
2026-06-08 00:00:00,0.5,96.9,52.8,2.39
2026-06-08 02:00:00,0.6,99.2,54.5,2.5
2026-06-08 04:00:00,1.01,97.5,58.2,2.45
2026-06-08 06:00:00,0.8,99.7,57.0,2.55
2026-06-08 08:00:00,0.82,98.3,53.7,2.31
2026-06-08 10:00:00,0.39,96.5,46.4,2.36
2026-06-08 12:00:00,1.12,93.1,56.4,2.51
2026-06-08 14:00:00,1.89,101.6,57.7,2.61
2026-06-08 16:00:00,2.21,99.1,60.3,2.46
2026-06-08 18:00:00,1.04,96.6,56.4,2.46
2026-06-08 20:00:00,1.6,100.7,61.7,2.5
2026-06-08 22:00:00,1.88,98.2,61.2,2.51
2026-06-09 00:00:00,0.96,97.7,57.1,2.74
2026-06-09 02:00:00,1.51,102.1,60.6,2.58
2026-06-09 04:00:00,1.51,99.1,61.3,2.41
2026-06-09 06:00:00,1.08,100.9,56.0,2.54
2026-06-09 08:00:00,1.5,100.9,55.9,2.53
2026-06-09 10:00:00,1.24,97.2,58.8,2.26
2026-06-09 12:00:00,1.88,96.7,56.5,2.15
2026-06-09 14:00:00,1.78,99.9,65.6,2.61
2026-06-09 16:00:00,1.1,99.7,60.8,2.36
2026-06-09 18:00:00,1.25,98.5,59.2,2.67
2026-06-09 20:00:00,1.37,99.0,55.8,2.55
2026-06-09 22:00:00,1.95,97.4,64.8,2.49
2026-06-10 00:00:00,1.07,96.9,56.2,2.48
2026-06-10 02:00:00,1.5,96.6,59.6,2.45
2026-06-10 04:00:00,1.24,100.8,62.3,2.3
2026-06-10 06:00:00,1.01,102.9,59.8,2.43
2026-06-10 08:00:00,0.75,97.4,55.2,2.29
2026-06-10 10:00:00,0.2,98.9,58.9,2.63
2026-06-10 12:00:00,1.9,98.2,57.2,2.57
2026-06-10 14:00:00,1.65,99.0,55.7,2.47
2026-06-10 16:00:00,2.05,96.8,63.3,2.55
2026-06-10 18:00:00,1.04,98.0,59.4,2.66
2026-06-10 20:00:00,1.36,96.2,61.2,2.17
2026-06-10 22:00:00,0.92,97.9,56.0,2.47
2026-06-11 00:00:00,1.6,98.6,56.6,2.46
2026-06-11 02:00:00,1.51,101.6,57.7,2.5
2026-06-11 04:00:00,1.89,96.9,59.5,2.41
2026-06-11 06:00:00,1.04,99.0,63.9,2.59
2026-06-11 08:00:00,2.22,102.0,57.8,2.64
2026-06-11 10:00:00,1.37,98.0,53.5,2.48
2026-06-11 12:00:00,1.68,93.7,60.5,2.65
2026-06-11 14:00:00,1.34,94.9,56.0,2.57
2026-06-11 16:00:00,1.62,98.5,57.2,2.46
2026-06-11 18:00:00,0.82,97.4,64.4,2.52
2026-06-11 20:00:00,0.67,97.0,55.7,2.45
2026-06-11 22:00:00,2.07,102.2,55.9,2.58
2026-06-12 00:00:00,1.77,98.6,55.1,2.65
2026-06-12 02:00:00,1.44,99.0,54.2,2.63
2026-06-12 04:00:00,1.72,99.2,55.5,2.54
2026-06-12 06:00:00,1.27,96.9,59.0,2.69
2026-06-12 08:00:00,1.24,99.0,48.7,2.48
2026-06-12 10:00:00,0.51,96.4,54.8,2.61
2026-06-12 12:00:00,1.4,98.0,56.8,2.36
2026-06-12 14:00:00,0.25,97.2,61.9,2.59
2026-06-12 16:00:00,1.52,95.5,65.9,2.58
2026-06-12 18:00:00,0.2,97.5,54.2,2.46
2026-06-12 20:00:00,1.15,97.5,60.3,2.57
2026-06-12 22:00:00,0.73,96.7,60.2,2.5
2026-06-13 00:00:00,0.4,97.9,57.7,2.76
2026-06-13 02:00:00,0.73,95.2,65.0,2.54
2026-06-13 04:00:00,1.67,92.5,57.5,2.1
2026-06-13 06:00:00,0.83,92.8,60.7,2.32
2026-06-13 08:00:00,1.2,97.7,62.5,2.5
2026-06-13 10:00:00,0.2,99.0,57.2,2.27
2026-06-13 12:00:00,2.71,98.5,53.6,2.48
2026-06-13 14:00:00,0.9,100.3,51.5,2.63
2026-06-13 16:00:00,1.55,98.9,59.8,2.63
2026-06-13 18:00:00,0.54,97.3,58.1,2.61
2026-06-13 20:00:00,0.9,96.8,56.4,2.23
2026-06-13 22:00:00,0.73,100.6,58.3,2.63
2026-06-14 00:00:00,1.7,102.5,62.2,2.54
2026-06-14 02:00:00,2.67,98.5,61.1,2.85
2026-06-14 04:00:00,1.34,99.3,56.6,2.42
2026-06-14 06:00:00,0.47,95.5,57.5,2.61
2026-06-14 08:00:00,0.9,94.8,62.3,2.41
2026-06-14 10:00:00,0.78,100.8,55.4,2.4
2026-06-14 12:00:00,2.07,94.9,57.3,2.61
2026-06-14 14:00:00,1.45,99.6,61.3,2.27
2026-06-14 16:00:00,1.0,101.8,61.8,2.34
2026-06-14 18:00:00,0.43,101.2,57.6,2.53
2026-06-14 20:00:00,2.32,97.6,66.0,2.42
2026-06-14 22:00:00,0.69,97.2,58.6,2.54
2026-06-15 00:00:00,0.6,98.4,52.8,2.53
2026-06-15 02:00:00,0.2,95.8,62.4,2.46
2026-06-15 04:00:00,2.61,97.8,55.9,2.19
2026-06-15 06:00:00,0.53,100.1,60.7,2.52
2026-06-15 08:00:00,1.76,102.5,58.8,2.63
2026-06-15 10:00:00,0.83,100.3,68.0,2.57
2026-06-15 12:00:00,2.28,100.3,56.4,2.23
2026-06-15 14:00:00,0.93,100.9,57.9,2.41
2026-06-15 16:00:00,1.65,93.6,57.7,2.63
2026-06-15 18:00:00,1.13,98.2,57.1,2.7
2026-06-15 20:00:00,1.27,95.0,53.2,2.5
2026-06-15 22:00:00,0.2,95.8,52.9,2.25
2026-06-16 00:00:00,1.8,97.7,56.7,2.38
2026-06-16 02:00:00,0.2,101.0,58.1,2.38
2026-06-16 04:00:00,0.95,97.4,56.3,2.52
2026-06-16 06:00:00,1.49,96.9,56.4,2.5
2026-06-16 08:00:00,1.87,97.8,60.6,2.43
2026-06-16 10:00:00,0.78,97.9,56.2,2.21
2026-06-16 12:00:00,1.57,94.9,52.2,2.33
2026-06-16 14:00:00,1.09,100.4,60.5,2.55
2026-06-16 16:00:00,1.4,97.6,62.3,2.45
2026-06-16 18:00:00,1.47,96.3,60.2,2.46
2026-06-16 20:00:00,1.14,99.8,56.3,2.31
2026-06-16 22:00:00,0.53,96.0,57.4,2.69
2026-06-17 00:00:00,0.86,99.4,56.5,2.13
2026-06-17 02:00:00,0.41,98.0,59.8,2.73
2026-06-17 04:00:00,2.29,95.0,62.7,2.56
2026-06-17 06:00:00,1.91,99.1,59.6,2.41
2026-06-17 08:00:00,0.59,95.0,57.9,2.45
2026-06-17 10:00:00,0.86,97.7,58.2,2.47
2026-06-17 12:00:00,0.68,95.1,59.6,2.59
2026-06-17 14:00:00,1.62,99.6,65.3,2.48
2026-06-17 16:00:00,0.23,96.3,61.1,2.7
2026-06-17 18:00:00,0.65,98.0,54.1,2.32
2026-06-17 20:00:00,1.53,99.7,54.1,2.61
2026-06-17 22:00:00,1.41,95.5,65.2,2.63
2026-06-18 00:00:00,1.28,96.1,60.9,2.34
2026-06-18 02:00:00,1.05,95.5,53.9,2.53
2026-06-18 04:00:00,1.22,95.8,54.6,2.5
2026-06-18 06:00:00,1.0,100.3,57.9,2.57
2026-06-18 08:00:00,1.06,98.2,62.5,2.53
2026-06-18 10:00:00,1.24,97.2,54.3,2.48
2026-06-18 12:00:00,2.05,95.8,59.5,2.47
2026-06-18 14:00:00,1.64,97.1,63.6,2.48
2026-06-18 16:00:00,1.59,97.2,55.0,2.39
2026-06-18 18:00:00,1.36,96.3,56.6,2.4
2026-06-18 20:00:00,2.48,98.7,67.8,2.46
2026-06-18 22:00:00,0.97,96.2,57.6,2.6
2026-06-19 00:00:00,1.57,95.2,57.6,2.37
2026-06-19 02:00:00,0.23,95.5,58.4,2.59
2026-06-19 04:00:00,0.94,97.0,57.6,2.2
2026-06-19 06:00:00,1.65,100.7,61.1,2.39
2026-06-19 08:00:00,1.04,100.9,59.0,2.57
2026-06-19 10:00:00,0.73,95.0,56.0,2.71
2026-06-19 12:00:00,0.96,96.1,55.7,2.58
2026-06-19 14:00:00,0.2,93.5,59.2,2.41
2026-06-19 16:00:00,0.54,97.6,53.2,2.68
2026-06-19 18:00:00,1.42,96.6,61.4,2.54
2026-06-19 20:00:00,1.4,98.5,66.9,2.47
2026-06-19 22:00:00,0.81,96.1,58.8,2.47
2026-06-20 00:00:00,1.94,99.8,52.2,2.56
2026-06-20 02:00:00,2.08,98.8,57.5,2.57
2026-06-20 04:00:00,1.36,97.6,56.2,2.32
2026-06-20 06:00:00,1.07,96.3,58.4,2.45
2026-06-20 08:00:00,2.11,102.4,57.9,2.47
2026-06-20 10:00:00,1.5,98.0,63.0,2.41
2026-06-20 12:00:00,1.15,97.4,56.0,2.69
2026-06-20 14:00:00,2.29,98.4,57.8,2.59
2026-06-20 16:00:00,1.5,94.1,54.3,2.34
2026-06-20 18:00:00,1.22,96.6,59.4,2.71
2026-06-20 20:00:00,1.26,99.3,61.5,2.61
2026-06-20 22:00:00,1.28,99.7,63.5,2.39
2026-06-21 00:00:00,0.8,99.0,59.5,2.35
2026-06-21 02:00:00,1.19,93.7,59.0,2.47
2026-06-21 04:00:00,1.16,97.6,54.9,2.28
2026-06-21 06:00:00,1.92,96.2,49.5,2.67
2026-06-21 08:00:00,1.37,98.9,55.8,2.42
2026-06-21 10:00:00,1.0,98.3,57.0,2.6
2026-06-21 12:00:00,1.12,99.6,57.5,2.48
2026-06-21 14:00:00,1.0,97.2,51.6,2.43
2026-06-21 16:00:00,0.99,98.2,56.9,2.55
2026-06-21 18:00:00,0.97,100.9,49.4,2.52
2026-06-21 20:00:00,0.98,101.1,52.8,2.46
2026-06-21 22:00:00,1.18,100.0,62.4,2.48
2026-06-22 00:00:00,1.02,94.5,63.3,2.62
2026-06-22 02:00:00,1.86,97.1,57.4,2.37
2026-06-22 04:00:00,1.99,100.6,59.0,2.78
2026-06-22 06:00:00,0.64,97.9,59.6,2.52
2026-06-22 08:00:00,0.46,96.6,59.6,2.5
2026-06-22 10:00:00,1.8,98.3,54.4,2.56
2026-06-22 12:00:00,1.23,96.8,58.6,2.46
2026-06-22 14:00:00,0.47,98.3,59.0,2.36
2026-06-22 16:00:00,0.75,98.3,58.9,2.57
2026-06-22 18:00:00,2.32,96.8,55.0,2.5
2026-06-22 20:00:00,1.97,98.4,53.4,2.6
2026-06-22 22:00:00,1.05,97.1,57.2,2.51
2026-06-23 00:00:00,2.08,97.0,52.5,2.4
2026-06-23 02:00:00,0.68,98.6,54.8,2.46
2026-06-23 04:00:00,1.16,99.2,59.9,2.62
2026-06-23 06:00:00,0.32,98.1,62.3,2.45
2026-06-23 08:00:00,2.24,95.8,61.4,2.67
2026-06-23 10:00:00,1.8,96.1,55.4,2.41
2026-06-23 12:00:00,1.04,100.6,56.4,2.49
2026-06-23 14:00:00,1.75,97.5,56.1,2.71
2026-06-23 16:00:00,1.23,96.6,58.8,2.55
2026-06-23 18:00:00,0.2,101.9,54.5,2.71
2026-06-23 20:00:00,1.04,100.6,58.2,2.67
2026-06-23 22:00:00,1.44,100.2,57.6,2.12
2026-06-24 00:00:00,1.53,98.0,60.4,2.4
2026-06-24 02:00:00,1.52,97.5,53.5,2.78
2026-06-24 04:00:00,1.22,97.6,54.2,2.4
2026-06-24 06:00:00,1.61,97.4,59.2,2.56
2026-06-24 08:00:00,0.6,98.9,58.5,2.66
2026-06-24 10:00:00,0.29,99.7,53.4,2.72
2026-06-24 12:00:00,0.2,92.8,50.5,2.44
2026-06-24 14:00:00,1.68,96.2,60.1,2.61
2026-06-24 16:00:00,1.43,96.8,58.5,2.64
2026-06-24 18:00:00,1.44,94.6,57.0,2.33
2026-06-24 20:00:00,1.23,98.4,60.1,2.65
2026-06-24 22:00:00,0.55,95.6,54.8,2.65
2026-06-25 00:00:00,1.3,100.4,59.7,2.52
2026-06-25 02:00:00,0.92,97.7,62.3,2.62
2026-06-25 04:00:00,1.04,98.2,59.5,2.68
2026-06-25 06:00:00,0.2,99.6,52.6,2.41
2026-06-25 08:00:00,2.05,98.6,61.6,2.69
2026-06-25 10:00:00,1.25,98.2,53.6,2.81
2026-06-25 12:00:00,0.88,97.3,56.6,2.86
2026-06-25 14:00:00,1.72,97.6,59.7,2.49
2026-06-25 16:00:00,0.4,96.6,61.0,2.68
2026-06-25 18:00:00,1.07,99.8,57.8,2.49
2026-06-25 20:00:00,1.94,99.0,66.2,2.33
2026-06-25 22:00:00,0.99,102.1,53.2,2.49
2026-06-26 00:00:00,1.64,99.0,66.2,2.56
2026-06-26 02:00:00,0.28,98.3,50.9,2.46
2026-06-26 04:00:00,1.48,98.5,57.8,2.36
2026-06-26 06:00:00,0.7,96.6,51.8,2.58
2026-06-26 08:00:00,0.56,100.4,59.3,2.84
2026-06-26 10:00:00,1.98,97.7,51.8,2.46
2026-06-26 12:00:00,1.76,93.8,59.8,2.54
2026-06-26 14:00:00,1.56,95.3,55.5,2.5
2026-06-26 16:00:00,0.8,97.7,51.0,2.62
2026-06-26 18:00:00,0.87,95.0,64.0,2.5
2026-06-26 20:00:00,0.97,96.0,60.7,2.55
2026-06-26 22:00:00,1.76,99.6,60.0,2.67
2026-06-27 00:00:00,0.79,99.7,65.3,2.68
2026-06-27 02:00:00,1.29,99.3,56.2,2.78
2026-06-27 04:00:00,1.88,99.6,62.8,2.46
2026-06-27 06:00:00,0.94,99.3,53.9,2.42
2026-06-27 08:00:00,1.58,99.5,58.0,2.21
2026-06-27 10:00:00,0.91,98.8,51.5,2.46
2026-06-27 12:00:00,1.03,99.2,65.5,2.41
2026-06-27 14:00:00,1.37,101.3,57.1,2.53
2026-06-27 16:00:00,0.48,97.5,55.0,2.47
2026-06-27 18:00:00,1.92,102.6,65.6,2.18
2026-06-27 20:00:00,1.72,97.3,60.6,2.27
2026-06-27 22:00:00,1.73,97.0,55.0,2.38
2026-06-28 00:00:00,2.51,98.6,55.7,2.46
2026-06-28 02:00:00,2.82,97.2,58.8,2.84
2026-06-28 04:00:00,2.07,93.6,67.8,2.5
2026-06-28 06:00:00,0.97,96.2,54.8,2.51
2026-06-28 08:00:00,1.79,96.8,60.9,2.43
2026-06-28 10:00:00,1.24,97.2,56.8,2.39
2026-06-28 12:00:00,0.35,94.5,61.8,2.6
2026-06-28 14:00:00,1.76,96.6,56.8,2.68
2026-06-28 16:00:00,1.29,96.7,57.4,2.81
2026-06-28 18:00:00,0.2,96.5,51.5,2.59
2026-06-28 20:00:00,1.93,97.3,57.4,2.44
2026-06-28 22:00:00,1.65,99.7,68.0,2.55
2026-06-29 00:00:00,1.06,99.8,53.5,2.63
2026-06-29 02:00:00,1.7,98.5,57.1,2.61
2026-06-29 04:00:00,0.63,100.1,58.1,2.53
2026-06-29 06:00:00,0.5,98.1,62.0,2.55
2026-06-29 08:00:00,1.48,100.3,58.2,2.57
2026-06-29 10:00:00,1.6,98.8,63.1,2.39
2026-06-29 12:00:00,0.29,96.7,54.6,2.19
2026-06-29 14:00:00,1.74,96.7,58.0,2.51
2026-06-29 16:00:00,1.27,99.1,57.8,2.62
2026-06-29 18:00:00,1.92,99.5,55.7,2.28
2026-06-29 20:00:00,0.83,96.0,58.1,2.4
2026-06-29 22:00:00,1.41,102.1,54.9,2.16
2026-06-30 00:00:00,1.65,99.8,61.1,2.4
2026-06-30 02:00:00,1.07,97.2,52.8,2.28
2026-06-30 04:00:00,0.73,96.0,51.8,2.11
2026-06-30 06:00:00,1.7,95.0,54.0,2.36
2026-06-30 08:00:00,0.76,100.8,58.3,2.43
2026-06-30 10:00:00,0.64,99.6,59.8,2.44
2026-06-30 12:00:00,1.59,98.1,55.4,2.43
2026-06-30 14:00:00,0.84,98.7,60.2,2.48
2026-06-30 16:00:00,1.86,93.5,47.1,2.75
2026-06-30 18:00:00,2.14,93.4,56.4,2.41
2026-06-30 20:00:00,1.18,99.0,55.8,2.72
2026-06-30 22:00:00,0.79,98.5,59.4,2.75
